Channel,Mean,Std
Channel 1,0.5184471607208252,0.19740870594978333
Channel 2,0.5032904148101807,0.17663948237895966
Channel 3,0.4527755081653595,0.18838749825954437
