Method,PSNR mean,PSNR std,PSNR min,PSNR max,SSIM mean,SSIM std,SSIM min,SSIM max,MSE mean,MSE std,MSE min,MSE max,UQI mean,UQI std,UQI min,UQI max,VIFP mean,VIFP std,VIFP min,VIFP max
Grid-Based Masking,22.360195186794094,2.1290520273261664,11.58707,28.67141,0.6647705560382275,0.07877307098013898,0.29515,0.84803,438.34152138140746,361.6571204420176,88.29573,4512.04372,0.9592451129452649,0.03689659354316284,0.7236,0.99613,0.21368550825369245,0.05600543780388749,0.03449,0.40618
LIME on Images,11.301478379310346,1.1346021179428942,9.254,16.05139,0.39620075369458124,0.03926287576176391,0.3041,0.51818,4976.445542261084,1210.292142505625,1614.14135,7721.12229,0.619870527093596,0.019414752094327234,0.57124,0.69725,0.08004601477832513,0.01738889284603312,0.03532,0.14392
LIME on Latent Features,25.92054646766169,1.946793790031692,19.81983,30.71644,0.7158806965174129,0.07313485046482585,0.50933,0.85731,184.42244228855722,90.73691173747758,55.13609,677.79409,0.9728217412935324,0.030169690542873277,0.84982,0.9983,0.27162079601990047,0.06080553332027592,0.1389,0.4238
LIME on Latent NUN,23.752948100310697,2.541022521435792,14.52397,30.65393,0.6880216111850865,0.0861375971302056,0.33207,0.85745,330.4713575588105,237.5891183414381,55.93547,2294.47323,0.9600915845539281,0.03917200226987223,0.7187,0.99846,0.2379512339103418,0.06974101959660307,0.03886,0.42875
Object Detection,17.703932891566264,4.386503018954719,11.51712,27.85993,0.5709106024096385,0.1448359379532698,0.33394,0.8106,1633.2847671084337,1228.4108259473794,106.43573,4585.31107,0.8221634939759036,0.16198609177298884,0.55323,0.99549,0.17787518072289157,0.08041327310292423,0.0604,0.358
