Method,PSNR mean,PSNR std,PSNR min,PSNR max,SSIM mean,SSIM std,SSIM min,SSIM max,MSE mean,MSE std,MSE min,MSE max,UQI mean,UQI std,UQI min,UQI max,VIFP mean,VIFP std,VIFP min,VIFP max
Grid-Based Masking,22.258560314009664,2.444080469103452,13.47539,28.47034,0.6693466243961353,0.07774877184963828,0.34935,0.83316,478.04889625603863,460.8206620527672,92.47979,2921.06539,0.9615684541062802,0.031195575550436117,0.80731,0.99628,0.2188087379227053,0.05526671725086601,0.07097,0.40993
LIME on Images,11.048874827201784,0.9690736640659254,9.32692,13.61239,0.37062308807134897,0.02649648935527246,0.30839,0.48075,5232.3223325195095,1128.5180753160205,2830.35938,7592.57042,0.6108823745819398,0.016553375250681974,0.5753,0.67344,0.0737877480490524,0.015020228586744492,0.03436,0.11928
LIME on Latent Features,26.2734915625,1.695831352309622,20.07388,30.44376,0.737226640625,0.06336028820717754,0.48136,0.84177,166.1790890625,76.05129647371272,58.70893,639.28133,0.982162265625,0.024311114279351526,0.85965,0.99845,0.292289140625,0.05769316799339352,0.09818,0.42144
Object Detection,18.08715930232558,3.3730714725563296,11.701,27.7619,0.6265976744186047,0.09329560485327854,0.38136,0.76814,1344.50862,1043.0114741063505,108.86547,4395.21904,0.9107420930232558,0.08785374815318107,0.59577,0.9949,0.20112302325581394,0.06979084827215576,0.06957,0.35435
